,item,value
0,halo,125
1,telkomsel,2429
2,benar,4
3,lupa,6
4,isi,64
5,pulsa,150
6,no,46
7,ulang,24
8,nyata,38
9,habis,34
10,tenggang,5
11,aktif,45
12,terimakasih,495
13,masuk,90
14,kalo,55
15,internet,243
16,ya,267
17,potong,29
18,lgsg,3
19,otomatis,8
20,mati,63
21,pemberitahuan,4
22,sms,54
23,kadang,30
24,gaada,9
25,pdhal,6
26,banget,153
27,kek,24
28,gin,69
29,nih,53
30,gbnya,2
31,muah,1
32,tsel,28
33,dirumahaja,15
34,sinyal,257
35,rumah,79
36,lemah,9
37,rb,24
38,beli,119
39,paket,255
40,ketengean,1
41,yang,250
42,harga,52
43,dapet,27
44,mb,7
45,udah,151
46,kebel,1
47,konfirmasi,10
48,cek,77
49,kuota,210
50,pas,36
51,ngidupin,1
52,dasel,1
53,nya,220
54,lot,148
55,gb,102
56,aplikasi,27
57,whatsapp,5
58,gakada,1
59,notif,8
60,chat,11
61,ganggu,72
62,emang,20
63,gak,144
64,yg,225
65,ngechat,2
66,mohon,274
67,respon,23
68,bantu,174
69,sun,1
70,lumayan,13
71,indosatooredoo,7
72,malam,76
73,minggu,88
74,lebib,1
75,asiik,1
76,stayhome,1
77,malamminggu,1
78,obat,1
79,kegabutanku,1
80,betah,3
81,amp,45
82,produktif,2
83,tim,5
84,medis,1
85,tolong,250
86,kemkominfo,25
87,careindonesia,7
88,indosatcare,28
89,provider,81
90,ikan,6
91,signal,35
92,kuat,13
93,stabil,81
94,terima,614
95,kasih,619
96,assalamualaikum,9
97,nama,11
98,warga,8
99,desa,42
100,muara,4
101,takus,3
102,cepat,53
103,tanggap,28
104,keluh,35
105,jaring,1307
106,pulih,12
107,telkomselriau,2
108,presiden,4
109,jokowi,10
110,perintah,5
111,anjur,3
112,work,3
113,from,4
114,home,4
115,dukung,11
116,koneksi,54
117,super,14
118,lambat,28
119,ngadat,12
120,ngasi,3
121,ide,2
122,mesti,2
123,nyari,5
124,wi,1
125,fi,1
126,an,21
127,biar,24
128,anut,1
129,gara,25
130,kuliah,21
131,online,36
132,miskin,2
133,bayang,2
134,sodara,2
135,jerit,1
136,hati,11
137,mahasiswa,5
138,beasiswa,1
139,zoom,15
140,gmeet,1
141,gclassroom,1
142,indihome,85
143,sdh,25
144,open,4
145,all,5
146,channel,3
147,sd,2
148,maret,2
149,tseldirumahaja,1
150,moga,57
151,rakyat,3
152,free,6
153,covid,5
154,jalan,23
155,himbauan,1
156,social,1
157,distancing,1
158,keep,1
159,in,16
160,touch,1
161,sanak,1
162,saudara,3
163,teman,15
164,rekan,4
165,kerja,66
166,bisnis,1
167,saveindonesia,1
168,indonesia,28
169,lockdown,2
170,meng,1
171,akses,39
172,info,32
173,ter,4
174,update,11
175,cc,15
176,triindonesia,14
177,smartfrenworld,8
178,indonesialockdown,1
179,sumbarlockdown,1
180,jabartanggapcovid,1
181,min,145
182,tp,43
183,gede,4
184,lokal,7
185,kaya,27
186,gitu,12
187,yah,22
188,kartu,108
189,as,11
190,simpati,35
191,engga,5
192,aja,162
193,bikin,45
194,nyaranin,1
195,pasang,6
196,wifi,29
197,stay,2
198,wkwkw,2
199,dear,118
200,ga,180
201,internetnya,25
202,murah,19
203,maaf,51
204,suka,25
205,hi,19
206,telepon,19
207,ptsn,1
208,hii,1
209,mengingtkan,1
210,mahal,118
211,keteng,7
212,self,1
213,quarangine,1
214,ubah,22
215,status,9
216,gold,2
217,langsung,28
218,cus,1
219,diamond,2
220,kemarin,40
221,trs,6
222,g,235
223,jd,19
224,ku,31
225,selesai,22
226,udh,45
227,normal,44
228,hujung,1
229,gagal,19
230,yth,17
231,tmcpoldametro,2
232,barusan,9
233,hp,46
234,tipu,17
235,orangtua,1
236,rp,31
237,nomer,13
238,sy,45
239,kirim,31
240,lapor,27
241,batuannnya,1
242,xlaxiata,11
243,tbk,11
244,layan,77
245,gratis,25
246,utk,28
247,ilmupedia,1
248,ruang,3
249,guru,6
250,but,2
251,ajar,27
252,buk,1
253,jg,16
254,kbnykan,1
255,tatap,1
256,muka,3
257,pakai,72
258,meeting,9
259,skype,1
260,google,4
261,classroom,1
262,lebar,1
263,siswa,4
264,dpt,16
265,ruangguru,6
266,ngasih,9
267,e,4
268,learning,2
269,anak,19
270,semangat,9
271,linkaja,14
272,daerah,115
273,banjar,2
274,rejo,2
275,kec,17
276,batang,4
277,lampung,15
278,timur,17
279,kayak,20
280,terang,9
281,selawewu,1
282,landub,1
283,ngabarin,1
284,nyedot,2
285,sisa,12
286,please,13
287,giat,2
288,wfh,9
289,jaga,8
290,gantung,2
291,sepenuh,3
292,adik,3
293,apresiasi,6
294,mudah,10
295,bangsa,2
296,kelas,6
297,kerjasama,1
298,rupiah,2
299,wabah,2
300,virus,2
301,landa,1
302,hikmah,2
303,buah,8
304,bencana,3
305,kait,14
306,jarak,2
307,butuh,11
308,harap,20
309,turun,24
310,jangkau,7
311,axisgsm,8
312,selamat,92
313,siang,58
314,by,6
315,jelek,106
316,connect,8
317,byu,16
318,id,32
319,senang,7
320,myxl,11
321,kampus,3
322,alih,6
323,daring,9
324,kantor,12
325,terap,2
326,workfromhome,1
327,maslahat,1
328,kantong,3
329,khusus,14
330,diskon,3
331,saran,14
332,buka,70
333,blokir,26
334,netflixid,18
335,kingdom,1
336,admin,59
337,laku,50
338,upa,3
339,telpon,30
340,data,96
341,rugi,18
342,pagi,71
343,nomor,97
344,app,12
345,me,5
346,rangin,2
347,ngecek,2
348,wa,30
349,sosmed,6
350,also,1
351,liat,8
352,surprisedeal,1
353,niat,4
354,haloo,10
355,bilang,13
356,akhir,16
357,mu,27
358,jam,111
359,sore,37
360,maju,6
361,kendala,22
362,dgn,29
363,memaklumin,1
364,usaha,6
365,mrmbuat,1
366,henti,12
367,main,54
368,game,42
369,langgan,60
370,malu,6
371,kabupaten,26
372,buru,2
373,selatan,14
374,combo,17
375,pake,76
376,telp,12
377,mnt,3
378,sll,1
379,telfon,6
380,tulis,7
381,tanggal,14
382,lokasi,18
383,sesuai,10
384,utama,24
385,omg,10
386,nol,2
387,web,2
388,blog,1
389,orang,21
390,dilakuin,2
391,tetep,18
392,gabisa,26
393,solusi,32
394,emosi,25
395,sulit,16
396,netflix,17
397,konek,3
398,hilang,80
399,takengon,2
400,aceh,14
401,tangan,11
402,alhamdulillah,22
403,voucher,9
404,eror,10
405,kmrn,3
406,sabar,21
407,nanggepin,1
408,neng,8
409,bgt,64
410,lg,18
411,daftar,15
412,extra,1
413,limit,6
414,cs,22
415,sc,1
416,tawar,5
417,upgrade,5
418,hallo,44
419,telkomcare,30
420,operasional,3
421,gerai,3
422,grapari,26
423,jakarta,14
424,psbb,6
425,ayo,3
426,preprocessinglelah,1
427,bacaduluaja,1
428,semangatpuasa,1
429,dg,12
430,k,17
431,btw,6
432,sudaah,1
433,gadikasi,1
434,muncul,15
435,ilang,59
436,team,6
437,shopeeid,1
438,bwt,1
439,ganti,44
440,nmr,7
441,lma,1
442,kartuhalo,15
443,krt,1
444,shopee,2
445,user,3
446,lbih,1
447,dr,23
448,thn,5
449,wkt,2
450,hapus,4
451,akun,8
452,tdk,32
453,transaksi,14
454,susah,56
455,muas,12
456,wkwk,5
457,pandemi,5
458,urus,9
459,tenggamg,1
460,hubung,17
461,trdkat,1
462,sibuk,9
463,video,15
464,good,2
465,job,2
466,hangus,3
467,listrik,34
468,bbrp,7
469,kali,44
470,kecewa,26
471,tingkat,28
472,sistem,16
473,dampak,2
474,kualitas,53
475,untung,13
476,tindak,20
477,cuman,17
478,sukses,13
479,my,19
480,koq,4
481,trims,2
482,hasil,23
483,sn,4
484,puk,3
485,iccid,1
486,diisin,1
487,lancar,52
488,gaming,2
489,ngga,12
490,lag,9
491,via,15
492,direct,1
493,message,3
494,perihal,4
495,tagih,17
496,diluarnegri,1
497,perbankang,1
498,ponsel,2
499,tinggal,24
500,lemari,1
501,bagus,50
502,absen,3
503,putus,33
504,ngajar,1
505,gel,1
506,kuping,1
507,tlpn,2
508,menit,22
509,ribu,18
510,eh,22
511,operator,18
512,cinta,9
513,konsul,1
514,konksi,1
515,firstmediacares,4
516,nanya,12
517,aju,3
518,proposal,1
519,sponsorship,1
520,kira,1
521,syarat,4
522,wassalam,1
523,im,11
524,ooredoo,9
525,psfoundation,1
526,pocariid,1
527,erti,5
528,arti,8
529,sungguh,8
530,youtube,23
531,mentok,2
532,gapapa,1
533,ngeliat,1
534,kompilasi,1
535,idola,1
536,bogeng,1
537,maulana,1
538,adieb,1
539,fadloly,1
540,awut,2
541,gaboleh,1
542,kombinasi,1
543,sebal,6
544,pln,27
545,suram,1
546,personal,1
547,hotspot,4
548,maklum,3
549,xl,5
550,service,9
551,telkomselflash,7
552,koreksi,1
553,buruk,51
554,tante,3
555,internetan,13
556,dmkan,1
557,nomernya,2
558,kerjasamanya,2
559,jele,2
560,senin,3
561,suruh,12
562,lancarin,2
563,inyong,2
564,arep,1
565,ndet,1
566,ndetan,1
567,dkijakarta,1
568,aniesbaswedan,1
569,boring,1
570,didlm,1
571,informasi,17
572,arah,1
573,handphone,11
574,kabar,6
575,iya,8
576,manggis,1
577,error,13
578,banting,2
579,miin,1
580,mengaktivasi,1
581,notifikasi,6
582,istri,4
583,tutup,7
584,sori,2
585,dibales,2
586,fitur,5
587,top,2
588,up,13
589,balance,1
590,tambahin,1
591,bca,1
592,donk,9
593,defeat,1
594,nub,1
595,tani,8
596,ny,4
597,moveon,1
598,puasa,5
599,latih,5
600,uji,9
601,dengar,6
602,kemaren,18
603,tower,18
604,penuh,11
605,sahabat,5
606,rindu,1
607,kak,33
608,terusbergerakmaju,4
609,ke,4
610,down,34
611,ancur,10
612,beranta,2
613,knp,18
614,proses,18
615,coronaindonesia,1
616,kpu,1
617,tata,2
618,milu,1
619,lansung,1
620,adil,2
621,sosial,3
622,kemensosri,1
623,juang,3
624,era,4
625,industri,2
626,itjen,2
627,kemdikbud,7
628,bangsatbangsa,1
629,heii,3
630,smartfrencare,6
631,ber,5
632,janji,5
633,kiki,1
634,gera,2
635,menggaggu,1
636,produktifitas,1
637,esok,1
638,apa,4
639,beda,8
640,sangkut,2
641,buang,8
642,gajelas,6
643,salah,17
644,twitter,17
645,ngerti,6
646,enak,8
647,disetting,1
648,diler,2
649,mkn,1
650,regional,2
651,bungo,1
652,propinsi,4
653,jambi,3
654,pilih,14
655,sekalli,1
656,darurat,10
657,kenal,6
658,negeri,13
659,lindung,4
660,berkat,13
661,istighfar,5
662,sikat,1
663,vpn,9
664,cihuuuy,1
665,ancoeeeer,1
666,gapernah,3
667,aktifin,6
668,nyalain,2
669,tarik,4
670,pdhl,9
671,samasekali,2
672,langgang,2
673,tlg,5
674,buffering,8
675,tbtb,3
676,mhon,2
677,jdi,6
678,tuh,17
679,sim,18
680,nano,1
681,stelah,1
682,baca,5
683,coba,28
684,msih,4
685,ttep,2
686,gakebaca,1
687,dri,4
688,dirgahayu,1
689,setia,28
690,sampe,42
691,jos,1
692,tugas,20
693,kampung,9
694,titik,1
695,maksimal,3
696,kode,10
697,wilayah,34
698,ngeposari,1
699,semanu,1
700,gunungkidul,1
701,dusun,3
702,kangkung,1
703,brouw,1
704,staff,4
705,raya,5
706,idul,1
707,fitri,3
708,mal,1
709,aidzin,1
710,wal,1
711,faidzin,1
712,lahir,2
713,batin,3
714,lelah,3
715,lebaran,2
716,rantau,1
717,mudik,2
718,jasa,6
719,berharha,1
720,vc,4
721,bareng,5
722,keluarga,3
723,jancok,2
724,tukar,4
725,daily,4
726,check,6
727,blm,19
728,ekstra,5
729,larang,2
730,utara,20
731,ciledug,2
732,tangerang,4
733,tiwas,1
734,tang,1
735,isuk,1
736,takedown,2
737,mbe,1
738,bahagia,8
739,doang,27
740,jugaa,2
741,thr,2
742,luang,1
743,jaya,13
744,perhati,15
745,panggil,13
746,lte,8
747,lurah,1
748,kuncir,1
749,indah,3
750,stuck,2
751,network,4
752,area,25
753,kebayoran,2
754,alami,15
755,jum,1
756,at,2
757,kece,8
758,kartuhallo,3
759,kick,3
760,sahur,1
761,wib,7
762,download,9
763,drakor,3
764,lengkap,4
765,hyena,1
766,bbrpa,2
767,episode,1
768,hibur,8
769,mantap,8
770,tahan,5
771,gimana,31
772,restart,21
773,posisi,4
774,ko,17
775,emergency,2
776,calls,2
777,only,5
778,hariini,1
779,gunain,1
780,backup,1
781,kampanye,1
782,sfh,1
783,rfh,1
784,bentuk,2
785,edukasi,1
786,sehat,7
787,begadang,3
788,racun,1
789,simcard,4
790,ana,1
791,hai,29
792,ceria,4
793,ngebut,2
794,bangeeet,1
795,nelpon,12
796,puas,8
797,gw,38
798,doi,3
799,tad,1
800,regitrasi,1
801,registrasi,5
802,balas,11
803,society,1
804,telkomindonesia,16
805,pasca,5
806,banjir,4
807,bandang,1
808,browsing,5
809,periode,5
810,april,1
811,mei,1
812,mail,1
813,undi,3
814,racing,1
815,juta,1
816,yudha,2
817,salam,6
818,natasha,1
819,tiba,12
820,call,10
821,center,4
822,flat,1
823,follow,7
824,inbox,2
825,yaa,29
826,bar,15
827,hujan,22
828,x,16
829,support,3
830,konsisten,3
831,ayah,1
832,re,1
833,input,1
834,atur,4
835,pahlawan,2
836,padam,13
837,pahlawandarirumah,1
838,sabturindu,1
839,singkat,1
840,yak,5
841,unj,1
842,official,4
843,rancaekek,1
844,bandung,5
845,on,8
846,off,3
847,mode,8
848,pesawat,5
849,speedtestnya,1
850,menu,1
851,yooo,1
852,eug,2
853,pahala,1
854,ngalir,1
855,terusss,3
856,dah,37
857,beres,13
858,case,3
859,ken,6
860,bajing,2
861,tselmahalburuksinyal,1
862,hancur,7
863,kecuali,3
864,mobile,13
865,myxlcare,15
866,hidup,11
867,kalang,1
868,kabut,1
869,loh,22
870,sangat,4
871,stayathome,1
872,kids,2
873,lbh,5
874,streamingnya,1
875,ortu,1
876,gk,22
877,sek,1
878,sedia,10
879,mytelkomsel,20
880,dipake,15
881,jgn,14
882,pisah,1
883,sayang,8
884,kepake,9
885,mimin,16
886,semarang,2
887,aktivasi,9
888,hooq,3
889,semenjak,8
890,perdana,6
891,hebat,1
892,tetus,1
893,telat,10
894,blas,2
895,sedot,9
896,koordinasi,2
897,meet,2
898,dibenerin,8
899,lelet,51
900,centre,1
901,jayawijaya,1
902,bayar,41
903,gopayindonesia,4
904,gojekindonesia,5
905,tunggu,12
906,saldo,9
907,gopay,2
908,pindah,24
909,percis,1
910,pusat,6
911,pimpin,1
912,pt,3
913,bikinin,1
914,unlimited,19
915,plisss,2
916,sekian,10
917,hay,4
918,prihatin,1
919,tanjung,3
920,datuk,2
921,siak,2
922,bengkal,1
923,riau,15
924,palsu,1
925,facebook,4
926,telkom,16
927,bareskrimpolri,1
928,ss,2
929,jrnganmu,1
930,mcm,1
931,kudacuki,1
932,ka,6
933,nominal,3
934,hsdpa,1
935,ninjaku,1
936,pulang,2
937,mono,1
938,pu,1
939,sj,2
940,tra,1
941,bs,6
942,res,1
943,p,5
944,wamena,3
945,dadak,1
946,malem,20
947,trus,12
948,lo,21
949,oh,9
950,deh,24
951,pulau,11
952,karimunjawa,1
953,andal,4
954,bangsat,9
955,hy,1
956,memberhentika,1
957,kena,14
958,kouta,9
959,lemott,2
960,sekarat,3
961,cepet,6
962,cerah,9
963,oci,1
964,capek,9
965,togel,1
966,dsb,2
967,pribadi,5
968,disebarluaskan,1
969,izin,1
970,paketin,3
971,gtu,2
972,reply,3
973,ojol,4
974,bbm,1
975,gampang,1
976,aetrajkt,1
977,krayan,1
978,kab,24
979,nunukan,1
980,kalimantan,7
981,ilangan,6
982,promo,20
983,gokil,1
984,dahh,2
985,sumpah,17
986,ridwan,1
987,seko,1
988,gua,20
989,telkomnjing,1
990,ngeluh,7
991,indosat,8
992,telkompromo,1
993,kartohallonya,1
994,wakil,2
995,jl,3
996,ujung,4
997,genteng,1
998,surade,2
999,petir,3
1000,timpa,2
1001,traksaksi,1
1002,ehe,1
1003,molen,1
1004,mood,2
1005,wkwkwk,4
1006,selidik,1
1007,blok,4
1008,twiter,1
1009,pubg,6
1010,too,1
1011,soon,1
1012,dosa,2
1013,aamiin,3
1014,ganguan,2
1015,bisa,1
1016,loading,12
1017,playanan,1
1018,ciputat,2
1019,buanasakti,1
1020,batanghari,1
1021,ngetweet,1
1022,ooredo,1
1023,barat,18
1024,bengkayang,1
1025,camat,24
1026,capkala,1
1027,bener,33
1028,mytsel,2
1029,dll,7
1030,manjadi,1
1031,drespon,1
1032,komplenan,2
1033,surprise,2
1034,deal,2
1035,tgl,9
1036,pkl,3
1037,apps,6
1038,hub,2
1039,superdeal,2
1040,vocher,1
1041,masukin,2
1042,yaaa,8
1043,resah,6
1044,serius,3
1045,jera,2
1046,tunda,1
1047,lampu,16
1048,pon,1
1049,router,1
1050,kedap,1
1051,kedip,2
1052,merah,10
1053,cisaga,1
1054,jawa,3
1055,usul,1
1056,maxstream,15
1057,iphone,3
1058,plan,1
1059,balikin,5
1060,faedah,1
1061,kabur,2
1062,hindar,2
1063,sepele,1
1064,hbs,1
1065,email,11
1066,was,4
1067,nonton,27
1068,cari,9
1069,back,3
1070,film,7
1071,ngambilnya,1
1072,punten,11
1073,rela,3
1074,hormat,9
1075,nyampe,3
1076,ngomong,2
1077,followup,1
1078,kagak,7
1079,percaya,7
1080,makasih,12
1081,php,4
1082,dmku,1
1083,urgent,5
1084,jatuh,2
1085,jumat,3
1086,juli,3
1087,syukurillah,1
1088,diinject,1
1089,temen,6
1090,ujreal,1
1091,kasi,7
1092,klo,8
1093,ngadet,2
1094,dikit,9
1095,mba,10
1096,kimmy,1
1097,jeslyn,1
1098,nayla,1
1099,ruina,1
1100,laras,1
1101,alya,1
1102,mas,15
1103,robby,3
1104,pesan,7
1105,card,8
1106,tau,35
1107,text,1
1108,kentang,3
1109,sebar,6
1110,kang,3
1111,judi,1
1112,onlen,3
1113,agent,2
1114,pinjam,3
1115,uang,5
1116,kpr,1
1117,ecek,1
1118,tab,2
1119,dm,6
1120,spam,6
1121,boikottelkomsel,2
1122,bang,5
1123,dennysiregar,4
1124,bobol,2
1125,daya,5
1126,nusantara,1
1127,manjat,1
1128,pohon,1
1129,kelapa,2
1130,paksa,5
1131,anjay,3
1132,sprti,2
1133,ktp,3
1134,kk,3
1135,luas,12
1136,mohonnn,1
1137,hadap,5
1138,dokumenter,1
1139,tampung,1
1140,bandwidth,2
1141,hak,1
1142,langgar,1
1143,uu,1
1144,unblock,1
1145,repot,2
1146,xixixi,1
1147,karna,23
1148,udaa,3
1149,surga,1
1150,sih,48
1151,weekend,2
1152,ribet,6
1153,doa,4
1154,kabul,1
1155,bebas,4
1156,hapenya,2
1157,suami,1
1158,kamar,1
1159,mandi,3
1160,aakuu,1
1161,cintaa,1
1162,group,1
1163,akur,1
1164,uninstall,1
1165,aspirasi,1
1166,pr,1
1167,anymore,1
1168,juni,3
1169,thankyou,1
1170,damai,1
1171,wachee,1
1172,iflixth,1
1173,selancar,1
1174,payload,1
1175,hihi,1
1176,akhirnyaa,2
1177,terimakaih,1
1178,selam,1
1179,lt,1
1180,lapang,2
1181,dada,3
1182,hujat,1
1183,besar,1
1184,ps,1
1185,awas,1
1186,gue,30
1187,nich,2
1188,mindi,1
1189,koja,1
1190,jumping,2
1191,migrasi,4
1192,prabayar,3
1193,photo,1
1194,copy,1
1195,buzzer,1
1196,si,13
1197,lapar,2
1198,fitnah,2
1199,santri,2
1200,somasi,1
1201,laut,2
1202,laligaen,1
1203,seriea,1
1204,beinsportsid,2
1205,full,17
1206,hd,1
1207,modal,1
1208,tonton,3
1209,asa,15
1210,stadion,1
1211,nambahin,1
1212,deteksi,2
1213,cuaca,3
1214,sebentar,2
1215,badai,2
1216,lebat,3
1217,timbul,9
1218,bingung,2
1219,mo,13
1220,marah,2
1221,belah,3
1222,ni,21
1223,trada,1
1224,ee,3
1225,yutup,1
1226,stress,6
1227,sabtu,3
1228,su,3
1229,warna,2
1230,responnya,6
1231,kelar,7
1232,yuhuuu,1
1233,kutip,1
1234,quote,1
1235,acara,5
1236,the,4
1237,nextdev,3
1238,virtual,4
1239,talks,1
1240,edisi,2
1241,ngena,1
1242,thenextdevhub,1
1243,besok,9
1244,musibah,3
1245,rampung,2
1246,seminar,2
1247,ngeh,1
1248,krn,12
1249,fine,3
1250,autokonek,1
1251,kata,2
1252,modem,4
1253,nyala,10
1254,memblock,1
1255,org,3
1256,modus,1
1257,padalarang,1
1258,prrpanjang,1
1259,komandan,2
1260,sumbar,3
1261,sediakala,2
1262,ndan,4
1263,towernya,3
1264,rupia,1
1265,ambil,5
1266,nyaman,7
1267,sbg,5
1268,tua,4
1269,murid,4
1270,nun,1
1271,pencil,1
1272,mengucapkn,1
1273,tlah,1
1274,meringankn,1
1275,beban,1
1276,oeang,1
1277,adany,1
1278,selular,4
1279,keluarkn,1
1280,smg,2
1281,dpat,1
1282,seterusny,1
1283,smp,2
1284,slesai,1
1285,corona,2
1286,net,5
1287,kota,32
1288,sungai,1
1289,duli,1
1290,islami,2
1291,azan,2
1292,ibadah,3
1293,undang,6
1294,un,10
1295,ty,6
1296,yahhh,1
1297,tyattselssf,3
1298,tyattselsff,1
1299,bosen,3
1300,yaak,1
1301,bakat,1
1302,ngundang,1
1303,silver,1
1304,stream,6
1305,fest,1
1306,banyaakkkk,1
1307,nyanyi,1
1308,lagu,2
1309,honor,1
1310,th,2
1311,menganggu,4
1312,goda,1
1313,spending,1
1314,money,2
1315,huaaa,1
1316,mv,2
1317,mesin,2
1318,mytelkomselnya,1
1319,keburu,4
1320,merdeka,4
1321,adm,2
1322,uda,10
1323,bintaran,1
1324,wetan,2
1325,piyungan,1
1326,bantul,1
1327,yogyakarta,1
1328,tri,4
1329,alangah,1
1330,hari,12
1331,kuotagratis,1
1332,alas,16
1333,gegara,6
1334,ngumpulin,2
1335,hatur,2
1336,nuhun,3
1337,streaming,22
1338,boy,1
1339,treasure,1
1340,muntah,1
1341,teamyoutube,1
1342,mameul,1
1343,yeoreojo,1
1344,eyaa,1
1345,trouble,9
1346,cimahi,4
1347,ditindaklanjuti,10
1348,hae,1
1349,kawan,4
1350,kejut,1
1351,gassskan,1
1352,wakkk,1
1353,loopdumai,1
1354,sepdum,1
1355,kuning,6
1356,ping,12
1357,over,1
1358,jampang,1
1359,jatimulya,1
1360,bekas,7
1361,jelak,1
1362,akibat,7
1363,bakar,15
1364,sto,5
1365,pekanbaru,15
1366,nemenin,1
1367,salut,3
1368,tidur,7
1369,pikir,5
1370,tenang,4
1371,ttp,5
1372,yh,2
1373,beberap,1
1374,cabut,1
1375,kambuh,2
1376,aman,8
1377,proud,1
1378,of,1
1379,you,9
1380,karyawan,3
1381,staf,1
1382,rusa,3
1383,comeback,1
1384,epic,1
1385,optimal,2
1386,now,1
1387,to,4
1388,pochinki,1
1389,quota,6
1390,kompensasi,5
1391,smartfren,2
1392,lanang,1
1393,hambat,13
1394,lhokseumawe,1
1395,tidaka,1
1396,da,1
1397,mahaldoang,1
1398,school,2
1399,cuti,2
1400,psbl,1
1401,batas,4
1402,skala,1
1403,bagaiama,1
1404,semalem,5
1405,ig,13
1406,pending,1
1407,mulu,52
1408,ngetwit,2
1409,story,2
1410,ah,2
1411,elah,1
1412,pascabayar,3
1413,kau,8
1414,sa,1
1415,file,3
1416,foto,11
1417,loteng,1
1418,hehe,6
1419,istirahat,1
1420,busuk,15
1421,abis,10
1422,cuih,2
1423,nomerku,2
1424,denda,1
1425,temu,4
1426,tsb,8
1427,barak,1
1428,move,3
1429,zonk,1
1430,rebu,1
1431,skrg,9
1432,tembagapura,1
1433,ridgecamp,1
1434,halobca,1
1435,pts,2
1436,jawabanya,2
1437,woi,22
1438,ngilang,14
1439,wahhhh,1
1440,trossss,1
1441,kaau,1
1442,ngak,2
1443,kpd,4
1444,pancar,3
1445,karma,1
1446,seluler,13
1447,oke,6
1448,muternya,1
1449,dar,2
1450,timbang,1
1451,muji,2
1452,total,12
1453,halang,1
1454,ngejer,1
1455,global,1
1456,mytical,1
1457,glory,1
1458,moba,1
1459,mlm,3
1460,tabung,1
1461,detik,7
1462,bntuannya,1
1463,unyofficial,1
1464,jatah,2
1465,kemendikbud,7
1466,ri,8
1467,bawa,2
1468,udayanauniv,1
1469,manfaat,5
1470,unlimitedmu,1
1471,sak,2
1472,karepku,1
1473,polah,1
1474,pokok,3
1475,love,3
1476,link,4
1477,tipe,1
1478,basic,1
1479,koutanya,1
1480,dibalikin,1
1481,ketidakjelasan,2
1482,kontrak,3
1483,hijrah,2
1484,disney,9
1485,multimedia,1
1486,paham,5
1487,sm,3
1488,hr,4
1489,dealku,1
1490,kucek,1
1491,nemu,1
1492,sakti,9
1493,fup,2
1494,spead,1
1495,gedek,2
1496,restrat,2
1497,ngg,1
1498,sakingudahlamapaketelkomsel,1
1499,nomorsudahlamapake,1
1500,telkomselganguan,1
1501,laptop,3
1502,tethering,4
1503,kosan,2
1504,dikagetin,1
1505,nsp,6
1506,sblmnya,1
1507,nggak,18
1508,nggk,1
1509,ikhlas,1
1510,lhoo,1
1511,nyerah,1
1512,pasrah,1
1513,ngisi,3
1514,disneyplusid,2
1515,marvel,1
1516,pc,1
1517,menyelsaikan,1
1518,item,1
1519,goole,1
1520,play,3
1521,store,3
1522,verifikasi,1
1523,jabar,2
1524,uninstallmaxstream,1
1525,persibday,1
1526,haduh,1
1527,hape,6
1528,telkomse,1
1529,kmren,2
1530,namu,1
1531,formalitas,1
1532,semuanyaaa,1
1533,permisi,2
1534,allnet,1
1535,dial,3
1536,tolonglaahhh,1
1537,dmnya,2
1538,kunjung,6
1539,beneran,2
1540,milik,9
1541,bts,5
1542,mengcover,2
1543,rancabango,2
1544,garut,2
1545,maintenance,7
1546,nodeb,2
1547,enodeb,2
1548,rto,5
1549,tag,2
1550,adain,2
1551,putar,3
1552,duo,1
1553,sial,3
1554,payah,8
1555,pik,2
1556,serasa,6
1557,gprs,2
1558,rctiplus,1
1559,ramunebarengkiii,1
1560,sambung,3
1561,hallooo,1
1562,kacau,11
1563,join,4
1564,veronika,11
1565,kuras,3
1566,intenet,1
1567,oenjelasannya,1
1568,sering,2
1569,promonya,3
1570,strong,1
1571,plnsalatiga,1
1572,benderang,1
1573,aduh,4
1574,lowbat,2
1575,kedaton,1
1576,bandar,4
1577,boros,2
1578,baterenya,1
1579,gambar,7
1580,berterimakasih,2
1581,hadir,4
1582,gilir,10
1583,libur,3
1584,actualnya,1
1585,samarinda,4
1586,sempaja,4
1587,jejaring,1
1588,mengaajukan,1
1589,tahap,1
1590,lihat,4
1591,pemakain,1
1592,gpp,2
1593,keras,4
1594,plase,1
1595,kompak,3
1596,ngaruh,3
1597,ketidaklaikannya,1
1598,guys,2
1599,vila,1
1600,nusa,2
1601,format,1
1602,ad,2
1603,sempet,5
1604,toba,1
1605,tapanuli,2
1606,samosir,1
1607,infrastruktur,2
1608,asiiiiikkk,1
1609,gt,5
1610,sekal,1
1611,mutiara,1
1612,ceplos,1
1613,mulut,1
1614,astghfirulloh,1
1615,tuhan,2
1616,andai,1
1617,mybusiness,1
1618,gulung,1
1619,tikar,1
1620,hello,5
1621,akumulasi,1
1622,sembarang,1
1623,pihak,1
1624,sdikit,1
1625,iklan,3
1626,telvon,1
1627,sngat,1
1628,tlong,2
1629,privasi,1
1630,radio,2
1631,server,4
1632,komplen,7
1633,tuker,1
1634,poin,10
1635,option,1
1636,disneyplus,1
1637,gesek,1
1638,diinput,1
1639,operasi,1
1640,priok,1
1641,kencang,5
1642,mobilitas,2
1643,lamban,4
1644,kom,1
1645,stant,1
1646,telkomsellemot,6
1647,dimarahin,2
1648,dosen,2
1649,room,2
1650,puluh,2
1651,giga,4
1652,festivaldiskon,2
1653,laksana,2
1654,bankmandiri,1
1655,bankbni,1
1656,bankbri,1
1657,pertamina,1
1658,event,1
1659,keren,3
1660,festivaldiskonnasional,2
1661,belanjadiskonnasional,2
1662,post,1
1663,tweet,5
1664,aww,1
1665,xixixixi,1
1666,nulis,1
1667,angst,1
1668,refundnya,1
1669,digital,3
1670,customer,8
1671,merespon,2
1672,kenan,1
1673,maen,11
1674,smsin,1
1675,kontak,1
1676,bosan,3
1677,let,1
1678,see,1
1679,taruh,1
1680,lost,2
1681,connection,3
1682,teunom,1
1683,cemat,1
1684,karang,1
1685,mus,1
1686,rawas,1
1687,sumatra,2
1688,rena,1
1689,sigyal,1
1690,yaaaa,1
1691,holla,1
1692,menggangu,1
1693,terkadang,3
1694,beristighfar,1
1695,sembari,1
1696,allah,8
1697,yeaaaay,1
1698,lagiiiii,1
1699,rapi,1
1700,indikasi,1
1701,nyebutin,1
1702,otp,4
1703,akulakuid,1
1704,emporium,2
1705,bintang,1
1706,techno,2
1707,mart,2
1708,karawang,2
1709,krw,1
1710,surat,3
1711,sakit,4
1712,kan,3
1713,atom,1
1714,mall,2
1715,surabaya,2
1716,td,4
1717,tokopedia,1
1718,skg,1
1719,bogor,2
1720,dimention,1
1721,hatrick,1
1722,om,6
1723,nunggu,6
1724,bedug,1
1725,magrib,1
1726,msh,4
1727,mnghubungi,1
1728,jogja,3
1729,rekomendasi,1
1730,hemat,2
1731,sbnrny,1
1732,nerima,1
1733,gbsa,1
1734,mikir,1
1735,akal,4
1736,mgkn,1
1737,sblmny,1
1738,mna,1
1739,syukur,3
1740,log,4
1741,klik,2
1742,halaman,2
1743,kocar,1
1744,kacir,1
1745,perkara,2
1746,order,2
1747,ojek,1
1748,hpnya,3
1749,matek,2
1750,downrank,1
1751,lagiiii,1
1752,telkomseldown,7
1753,kzl,2
1754,hadeh,2
1755,apreciate,1
1756,problem,1
1757,nesya,1
1758,tugurejo,1
1759,ngasem,1
1760,periksa,4
1761,rajaampat,1
1762,urbinasopen,1
1763,waigeo,1
1764,raja,1
1765,ampat,1
1766,cumatemennnnn,1
1767,carenya,1
1768,divisi,2
1769,mention,1
1770,cuk,3
1771,account,1
1772,portal,1
1773,mkiosnya,1
1774,stok,2
1775,paut,1
1776,bye,4
1777,kd,2
1778,aing,3
1779,toosoon,1
1780,pubgm,2
1781,uwangnya,1
1782,jajan,1
1783,kopi,1
1784,udahlah,1
1785,lupain,1
1786,nge,7
1787,daritadi,4
1788,ketidaknyamanannya,2
1789,blalablaaa,1
1790,alit,1
1791,kompetibel,1
1792,ios,2
1793,baharu,1
1794,kompatibel,1
1795,perangkat,1
1796,angsur,1
1797,dunia,5
1798,plosok,1
1799,tanah,2
1800,air,3
1801,crew,1
1802,salatiga,1
1803,hehehe,2
1804,curiga,1
1805,ngaku,5
1806,bri,2
1807,pop,1
1808,atm,1
1809,divhumas,2
1810,polri,3
1811,bank,1
1812,direspon,1
1813,wilsky,1
1814,arion,1
1815,aurora,1
1816,mika,1
1817,kayra,1
1818,laden,1
1819,misuh,1
1820,pemberitahun,1
1821,ussd,1
1822,asisten,1
1823,nihil,1
1824,duluan,1
1825,mbak,10
1826,kondisi,4
1827,bot,2
1828,telegram,1
1829,veronica,1
1830,sapa,1
1831,delay,1
1832,panik,2
1833,pket,2
1834,jan,3
1835,nikmat,5
1836,and,6
1837,fuck,3
1838,your,2
1839,shitty,1
1840,palmerah,1
1841,inetnya,2
1842,keong,3
1843,awet,1
1844,tol,2
1845,layang,1
1846,gelombang,1
1847,maling,1
1848,ayam,1
1849,kokas,1
1850,ylki,2
1851,mereview,1
1852,sgt,2
1853,elok,1
1854,pertanggungjawaban,1
1855,konsumen,4
1856,cengkareng,1
1857,ngerjain,3
1858,asli,12
1859,edge,11
1860,benah,6
1861,narogong,1
1862,spertiga,1
1863,hrs,1
1864,happynewyear,1
1865,jujur,2
1866,karangbinangun,1
1867,lamongan,1
1868,tetiba,1
1869,kakak,3
1870,reload,1
1871,xxxx,2
1872,psn,1
1873,xxx,3
1874,recek,1
1875,mudal,1
1876,argomulyo,1
1877,cangkring,1
1878,sleman,3
1879,sngt,1
1880,minim,1
1881,byar,2
1882,pet,1
1883,menteri,2
1884,indoxx,2
1885,alangkah,2
1886,langkah,1
1887,justifikasi,1
1888,entertainment,1
1889,viu,1
1890,ngerusuhin,1
1891,tralala,1
1892,adem,1
1893,ayem,1
1894,huahahahhaah,1
1895,muantul,1
1896,lantar,1
1897,tlp,4
1898,redeem,3
1899,points,2
1900,gapary,1
1901,denga,1
1902,hadiah,2
1903,hepi,3
1904,adu,1
1905,ds,1
1906,tula,2
1907,sumbersari,1
1908,sine,2
1909,ngawi,2
1910,upload,2
1911,greet,1
1912,gfriend,5
1913,mending,10
1914,gnya,1
1915,gdrive,1
1916,bijak,5
1917,telkomseluploadulang,1
1918,reuploadfotomng,1
1919,rajin,3
1920,bentar,1
1921,bla,6
1922,permanen,1
1923,nonaktif,2
1924,anggap,1
1925,rusak,11
1926,fungsi,4
1927,fisik,2
1928,simcardnya,1
1929,seru,1
1930,mageran,1
1931,instagram,5
1932,live,4
1933,TRUE,1
1934,thompson,1
1935,lucu,2
1936,omgsantuy,2
1937,dec,1
1938,syila,1
1939,ginjal,1
1940,gatal,1
1941,misqueen,1
1942,sobatmisqueen,1
1943,telkomselxgfriend,1
1944,bangeetttt,1
1945,ngerasaain,1
1946,baget,1
1947,disituu,1
1948,alay,1
1949,next,1
1950,ohmygiggfriend,1
1951,tuju,1
1952,jelang,1
1953,stakeholder,1
1954,spesial,1
1955,oy,3
1956,berani,1
1957,kalideres,1
1958,jakbar,1
1959,maxtream,4
1960,waahhh,1
1961,pergi,3
1962,ahh,4
1963,siaga,2
1964,umumin,1
1965,alias,7
1966,bet,3
1967,reedem,1
1968,spot,1
1969,khusunya,1
1970,kumpul,5
1971,tiket,5
1972,riah,2
1973,parameter,1
1974,dibantuin,1
1975,nona,2
1976,sigap,2
1977,kereta,1
1978,motor,1
1979,omgig,1
1980,ketemu,1
1981,ohmygig,1
1982,nabee,1
1983,fix,5
1984,oprator,1
1985,haluan,1
1986,uras,2
1987,musim,4
1988,ujan,9
1989,tumbang,1
1990,taman,1
1991,anggrek,1
1992,banding,5
1993,kesal,1
1994,mmr,2
1995,hapeku,1
1996,bunyi,1
1997,flash,2
1998,tarif,6
1999,non,2
2000,sila,3
2001,fast,2
2002,clear,1
2003,menjdi,1
2004,cm,3
2005,perak,1
2006,mengatasnamakan,2
2007,nipu,1
2008,indomaret,2
2009,alfamart,1
2010,tolak,2
2011,uniqlo,1
2012,ato,1
2013,zara,1
2014,sadar,3
2015,ngucapin,4
2016,kwkwwk,1
2017,gasalah,1
2018,nawarin,1
2019,engkau,3
2020,media,3
2021,beritahu,1
2022,sold,2
2023,out,3
2024,jual,2
2025,unt,1
2026,batal,1
2027,bangun,4
2028,kaget,1
2029,saumlaki,1
2030,tanimbar,2
2031,harbolnas,1
2032,goodby,1
2033,perum,1
2034,bandaramas,1
2035,luv,1
2036,favorit,1
2037,musik,1
2038,bangga,3
2039,japri,1
2040,profil,1
2041,khawatir,3
2042,baiklaah,1
2043,billing,2
2044,prihal,1
2045,duit,5
2046,point,3
2047,legend,5
2048,mobilelegendsol,2
2049,perir,1
2050,jenak,2
2051,stalking,1
2052,instagramdown,1
2053,emank,1
2054,ngapa,8
2055,ngapain,3
2056,hmpa,1
2057,eyke,1
2058,sdah,1
2059,jga,1
2060,jngan,1
2061,tulus,2
2062,positif,1
2063,ngewa,1
2064,trending,3
2065,ehh,3
2066,ternyataa,1
2067,parah,53
2068,mahaltapilemah,1
2069,mita,1
2070,lgi,2
2071,smpaikan,1
2072,aplgi,1
2073,jangka,1
2074,ckup,1
2075,stasiun,1
2076,pancing,2
2077,junk,1
2078,files,1
2079,kirain,6
2080,nyaa,1
2081,unik,1
2082,usim,1
2083,mbanking,2
2084,pelaihari,1
2085,provinsi,4
2086,komunikasi,7
2087,tpi,11
2088,family,1
2089,membernya,1
2090,yogya,1
2091,reward,4
2092,slowrespontelkomsel,1
2093,veryslowrespontelkomsel,1
2094,sept,2
2095,okt,1
2096,bukti,1
2097,depok,5
2098,customernya,1
2099,jeleeeeek,1
2100,pol,1
2101,sblm,1
2102,oktober,1
2103,asia,1
2104,australia,1
2105,china,1
2106,shenzhen,1
2107,tianjin,1
2108,satu,1
2109,sirna,1
2110,byetelkomsel,1
2111,ldr,3
2112,jamin,2
2113,ntt,2
2114,kupang,1
2115,lovestory,1
2116,ekspetasi,1
2117,kuotatanpakhawatir,1
2118,retweet,1
2119,tinjau,3
2120,aru,1
2121,layak,2
2122,pasar,4
2123,induk,1
2124,cibitung,1
2125,legends,1
2126,plat,2
2127,asu,5
2128,waitabula,1
2129,sumba,2
2130,prov,6
2131,kaleng,1
2132,tindaklanjuti,1
2133,sipenipu,1
2134,produk,4
2135,providerku,2
2136,rewel,1
2137,masyarakat,8
2138,polisi,1
2139,interpol,1
2140,ngambek,2
2141,blg,1
2142,nutup,1
2143,medsos,2
2144,coverage,1
2145,dearah,1
2146,nambah,1
2147,wit,2
2148,jayapura,3
2149,kah,8
2150,curi,1
2151,least,1
2152,jambret,1
2153,temans,1
2154,diapain,1
2155,sekolah,3
2156,stm,1
2157,nganggur,2
2158,oknum,1
2159,nikmatin,2
2160,penjuru,1
2161,september,2
2162,biaya,2
2163,aktivitlfasi,1
2164,siar,2
2165,menang,4
2166,inter,1
2167,forzainter,1
2168,klaim,4
2169,dikirimin,1
2170,trlah,1
2171,woy,12
2172,bambang,1
2173,aksi,1
2174,senayan,1
2175,sep,1
2176,denom,1
2177,negan,1
2178,lawa,1
2179,gerak,3
2180,tiada,2
2181,pm,2
2182,macet,3
2183,banda,4
2184,teerooossss,1
2185,unreg,1
2186,nik,1
2187,sadis,1
2188,konsumsi,1
2189,galau,1
2190,takda,1
2191,gib,1
2192,tipi,2
2193,tv,1
2194,sekali,1
2195,tengkiu,1
2196,bpk,4
2197,kas,1
2198,dipapua,1
2199,sorry,1
2200,maki,4
2201,kamorang,1
2202,mberebet,1
2203,karburator,1
2204,soak,3
2205,best,2
2206,domisili,5
2207,tlpon,1
2208,tekan,1
2209,merauke,2
2210,rt,6
2211,rizkindra,1
2212,bani,1
2213,kalah,8
2214,timnas,1
2215,kandang,1
2216,cibinong,1
2217,playstore,1
2218,reguler,1
2219,tembelek,1
2220,singa,1
2221,nasional,1
2222,bagi,3
2223,haripelanggannasional,2
2224,bonus,7
2225,horor,1
2226,graparisemarang,1
2227,mobil,1
2228,terminal,1
2229,cangkir,1
2230,swmarang,1
2231,grabid,2
2232,ovo,3
2233,grab,2
2234,kosong,3
2235,auto,3
2236,kotak,1
2237,vibu,1
2238,mait,1
2239,langit,1
2240,regristasi,1
2241,help,3
2242,handle,1
2243,menelfon,2
2244,tny,1
2245,pack,1
2246,day,1
2247,supercell,1
2248,profesional,1
2249,udang,1
2250,batu,4
2251,usia,1
2252,tahunveronika,8
2253,anitacitt,1
2254,arta,1
2255,richi,1
2256,khaniffla,1
2257,manis,1
2258,tebu,2
2259,gula,1
2260,dirmawan,1
2261,zein,1
2262,devikarlina,1
2263,papua,3
2264,may,1
2265,ongwonu,1
2266,aswinutomo,1
2267,injak,1
2268,dewasa,1
2269,jiwa,4
2270,yukz,1
2271,mallamalla,1
2272,anies,1
2273,lestarie,1
2274,misi,2
2275,sonobekel,1
2276,tanjunganom,1
2277,nganjuk,1
2278,barangkali,1
2279,dantii,1
2280,chichiwindi,1
2281,sopan,1
2282,santun,1
2283,pantun,1
2284,yuk,1
2285,vivi,1
2286,cullent,1
2287,c,1
2288,kra,1
2289,melon,2
2290,nangka,2
2291,rujak,2
2292,mama,3
2293,mirmanda,1
2294,wina,1
2295,win,1
2296,beinsport,1
2297,jernih,1
2298,maxtreamnya,1
2299,real,1
2300,madrid,1
2301,dmanapun,1
2302,colek,1
2303,molatv,2
2304,heran,6
2305,happpppyyyyy,1
2306,bangets,1
2307,lha,1
2308,pestakuota,1
2309,pa,1
2310,bu,1
2311,benerin,13
2312,speed,6
2313,ditambahin,1
2314,saksi,1
2315,juventusfcid,1
2316,pandu,1
2317,games,3
2318,berkah,3
2319,internetlemot,1
2320,telkomselnotrecommededforgames,1
2321,paketmahal,1
2322,agustus,3
2323,terobos,1
2324,pakaitelkomselkuy,1
2325,cerita,2
2326,bodoh,1
2327,serpong,2
2328,rangkasbitung,1
2329,sooo,1
2330,spotify,2
2331,premium,1
2332,spotifyid,1
2333,mayan,2
2334,hola,1
2335,niy,1
2336,radioelshinta,1
2337,saji,1
2338,blackout,1
2339,fakta,2
2340,elshinta,1
2341,ndak,1
2342,haruse,1
2343,hold,1
2344,it,3
2345,masing,1
2346,cimbniaga,1
2347,cimb,1
2348,assists,1
2349,nila,2
2350,xxxxxx,1
2351,standar,1
2352,giofedi,1
2353,upaya,3
2354,kio,1
2355,tirtapatriot,1
2356,lingkung,1
2357,antah,4
2358,gelap,1
2359,madam,3
2360,gadget,1
2361,infoplnjabar,1
2362,introspeksi,2
2363,kapan,1
2364,kolaborasi,1
2365,kalen,1
2366,sedih,3
2367,rip,1
2368,motogp,1
2369,megap,2
2370,kaga,5
2371,bersih,1
2372,worst,1
2373,modar,1
2374,what,1
2375,night,1
2376,simulasi,2
2377,jaman,5
2378,matilampu,2
2379,jabodetabek,2
2380,jateng,2
2381,efek,3
2382,jakartahasfallen,1
2383,collab,1
2384,prank,3
2385,kemenbumn,2
2386,alhamdulilah,1
2387,bete,3
2388,ribut,2
2389,mulus,1
2390,salang,1
2391,simeulue,1
2392,aktivitas,4
2393,karyawati,1
2394,gci,1
2395,ambulu,1
2396,jember,1
2397,training,1
2398,thanks,3
2399,before,1
2400,telkonsel,1
2401,solusinnya,1
2402,komplain,12
2403,twitteran,1
2404,doank,1
2405,bacan,1
2406,tindaklanjutnya,1
2407,guna,1
2408,tailah,1
2409,horeeee,1
2410,caroline,1
2411,gesit,1
2412,kecepatanya,1
2413,susyah,1
2414,trans,1
2415,ngadett,1
2416,uuuu,1
2417,uwuh,1
2418,prioritas,9
2419,cahsback,1
2420,skb,1
2421,cashback,1
2422,pelayananya,1
2423,komplinan,1
2424,kura,3
2425,mahawa,1
2426,gojek,2
2427,nelfon,2
2428,transfer,2
2429,plsa,1
2430,dngn,1
2431,ketrangan,1
2432,katak,4
2433,buji,1
2434,bulungan,2
2435,suasana,1
2436,politik,1
2437,great,1
2438,interval,1
2439,riwayat,1
2440,butut,6
2441,sumedang,1
2442,tanjungsari,1
2443,margaluyu,1
2444,kp,1
2445,patenggeng,1
2446,hilir,2
2447,medan,13
2448,nyambung,3
2449,pengaruh,1
2450,bumi,2
2451,waykanan,1
2452,kupon,1
2453,program,2
2454,terregistrasi,1
2455,ii,2
2456,prop,1
2457,habibthink,1
2458,partaisocmed,1
2459,inovasi,1
2460,huttelkom,1
2461,gamemax,1
2462,redeemnya,1
2463,atma,1
2464,onlien,1
2465,kebapukan,1
2466,males,2
2467,note,1
2468,sederhana,1
2469,ok,2
2470,system,1
2471,wulanggitang,1
2472,flores,1
2473,tenggara,1
2474,wita,2
2475,koto,2
2476,padang,2
2477,pariaman,1
2478,jun,1
2479,di,4
2480,assign,1
2481,bom,2
2482,kno,1
2483,ngadu,2
2484,truk,1
2485,gada,13
2486,arab,1
2487,jombang,1
2488,hahahhaa,1
2489,bandongan,1
2490,magelang,1
2491,mantab,1
2492,cycle,2
2493,sembilan,1
2494,pinggir,3
2495,wonogiri,1
2496,mbah,1
2497,loop,3
2498,alihfungsikan,1
2499,pegawai,1
2500,kasir,1
2501,ira,1
2502,ask,3
2503,axis,4
2504,jahat,1
2505,nan,1
2506,galak,1
2507,smoga,1
2508,telekomunikasi,2
2509,khilaf,1
2510,items,1
2511,mepet,1
2512,reset,5
2513,dituker,1
2514,muktisari,1
2515,kebumen,2
2516,freecall,1
2517,gaya,2
2518,pacar,4
2519,line,3
2520,facetime,1
2521,lrt,1
2522,ongkos,2
2523,bathin,1
2524,torrojagratara,1
2525,torro,1
2526,pekan,2
2527,viani,1
2528,uclfinal,1
2529,xlxplor,1
2530,welcome,1
2531,topup,1
2532,refund,1
2533,angkat,1
2534,meinterview,1
2535,ibuk,1
2536,interview,3
2537,nasehat,1
2538,wejang,1
2539,makna,1
2540,fb,2
2541,whatsappdown,1
2542,malang,1
2543,ttl,1
2544,angka,1
2545,ms,3
2546,sintang,1
2547,cirebon,1
2548,kesambi,1
2549,huhu,2
2550,ccicpolri,1
2551,transparan,1
2552,kt,1
2553,langgeng,1
2554,sampah,6
2555,match,1
2556,liga,1
2557,inggris,2
2558,roman,1
2559,sembuh,3
2560,tanding,1
2561,ush,1
2562,nemuin,1
2563,alif,1
2564,ketidaknyamanan,1
2565,detail,1
2566,capture,1
2567,indra,1
2568,rada,4
2569,pict,1
2570,vid,1
2571,maghrib,2
2572,cust,2
2573,servicenya,2
2574,ramah,1
2575,kes,1
2576,cuek,1
2577,ngebandingin,1
2578,hubungin,1
2579,purwokerto,1
2580,ahirnya,1
2581,nyet,2
2582,imessage,1
2583,mandiricare,1
2584,lho,5
2585,dingunakan,1
2586,make,5
2587,omnidirectional,1
2588,jenis,1
2589,rectangular,1
2590,complaint,1
2591,mutasi,1
2592,tercintah,1
2593,lagiii,1
2594,subhanallah,1
2595,tawakal,1
2596,lempar,2
2597,experience,1
2598,ml,4
2599,bronze,1
2600,kudu,3
2601,indinya,1
2602,skema,1
2603,pp,1
2604,website,1
2605,bantuanya,1
2606,refresh,9
2607,sinya,3
2608,nuker,1
2609,belm,1
2610,catat,2
2611,defensif,1
2612,samuelmantiri,1
2613,rupa,1
2614,prima,1
2615,sakhi,1
2616,tahun,3
2617,bumn,4
2618,taun,1
2619,bandara,2
2620,boarding,1
2621,ngabisin,4
2622,can,1
2623,eat,1
2624,lounge,1
2625,sidoarjo,3
2626,konektivitas,1
2627,tps,1
2628,hitung,1
2629,suara,5
2630,thevictoryofprabowo,1
2631,jagatpskawalhasilsuara,1
2632,bismillahinshaaallahprabowomenang,1
2633,login,2
2634,magic,3
2635,browser,1
2636,with,2
2637,tuan,2
2638,warung,1
2639,mertua,1
2640,mkios,1
2641,sukaresmi,1
2642,cikarang,3
2643,lep,1
2644,lepan,1
2645,max,4
2646,cidokom,1
2647,sli,1
2648,notifnya,1
2649,do,1
2650,barang,1
2651,sumbang,2
2652,rezeki,1
2653,minta,1
2654,image,1
2655,nembus,1
2656,hutan,3
2657,hallonya,1
2658,nntn,2
2659,kyk,1
2660,contoh,1
2661,wadadidaw,1
2662,semangkin,2
2663,manual,4
2664,infot,1
2665,mintak,4
2666,ampun,15
2667,ditanyain,1
2668,perbaikaaan,1
2669,jaringaaaaaannn,1
2670,malesin,2
2671,kapasitas,1
2672,soryy,1
2673,sya,2
2674,krna,3
2675,mendung,2
2676,pelosok,4
2677,teknis,1
2678,telkomnyet,1
2679,ulat,1
2680,duh,3
2681,internetmu,2
2682,maros,1
2683,sulsel,1
2684,kenapasihh,1
2685,bodo,1
2686,huff,1
2687,oi,6
2688,bedebah,1
2689,dua,1
2690,bapuk,9
2691,kalisuren,1
2692,tajurhalang,1
2693,sni,1
2694,u,2
2695,terimaksih,1
2696,hahaha,1
2697,lol,1
2698,banjarmasin,1
2699,takut,2
2700,sampel,1
2701,ngaret,1
2702,laen,3
2703,waringinkurung,1
2704,serang,1
2705,banten,1
2706,mgg,1
2707,ngeleg,1
2708,bg,1
2709,tel,3
2710,ampas,6
2711,batsi,1
2712,rongsyok,1
2713,burik,3
2714,anjir,4
2715,ndek,1
2716,kene,1
2717,wis,1
2718,tk,1
2719,tuku,1
2720,lu,31
2721,gembel,1
2722,gunung,3
2723,putri,1
2724,connecting,1
2725,teh,5
2726,geus,1
2727,jangkrik,1
2728,astaghfirullah,1
2729,nguji,1
2730,baperan,1
2731,ambyar,1
2732,kejer,1
2733,deadline,1
2734,gereget,1
2735,sok,1
2736,hayang,1
2737,udat,1
2738,adat,1
2739,robbi,1
2740,numpang,2
2741,gimanaa,2
2742,yaamplop,1
2743,tenan,2
2744,siput,2
2745,tenggarong,1
2746,push,4
2747,rank,5
2748,dikerjain,2
2749,lngsung,1
2750,babi,7
2751,longiram,1
2752,suuu,1
2753,krena,1
2754,pulaa,1
2755,trooosssss,1
2756,macamm,1
2757,boss,1
2758,direfres,1
2759,kian,1
2760,puruk,1
2761,brengsek,2
2762,banar,1
2763,nahhh,1
2764,puncak,2
2765,ibukota,2
2766,bantaeng,1
2767,dlm,4
2768,bengek,1
2769,shit,1
2770,oiii,1
2771,lemo,1
2772,cilegon,1
2773,bantuuu,1
2774,plizzz,1
2775,hey,8
2776,pushrank,2
2777,ily,1
2778,km,3
2779,kesini,9
2780,hadehh,1
2781,ampuuun,1
2782,jago,1
2783,bgini,3
2784,ampe,4
2785,hei,6
2786,gerangan,1
2787,beeeud,1
2788,coy,1
2789,telkomselpku,1
2790,intruksi,1
2791,ikutin,1
2792,medsosan,1
2793,latency,1
2794,ntaaaapppsss,1
2795,dts,1
2796,kominfo,1
2797,baktikominfo,1
2798,peubege,1
2799,gorontalo,1
2800,slalu,2
2801,loadingnya,3
2802,rubah,1
2803,bobrok,5
2804,trobel,2
2805,jaringanny,1
2806,imbang,1
2807,kbps,6
2808,terpa,1
2809,keluhanpenggunatelkomsel,1
2810,huuuft,1
2811,pasongsongan,1
2812,sumenep,1
2813,madura,2
2814,drop,7
2815,cape,5
2816,bolak,4
2817,apn,3
2818,mlu,1
2819,deket,2
2820,sita,1
2821,pantes,4
2822,kesi,1
2823,emak,1
2824,gbisa,1
2825,gmn,1
2826,bos,14
2827,rebo,3
2828,jaktim,1
2829,kl,2
2830,patent,1
2831,pelihara,4
2832,telkommonatevibes,1
2833,hatinggian,1
2834,tipis,1
2835,alamat,2
2836,blang,1
2837,mesjid,1
2838,beutong,1
2839,nagan,1
2840,tks,1
2841,kenceng,5
2842,martapura,1
2843,kalsel,2
2844,minasatene,1
2845,pangkajene,1
2846,sulawesi,4
2847,submit,2
2848,uts,1
2849,jurnal,2
2850,nilai,2
2851,lur,1
2852,ieu,5
2853,kieu,2
2854,anying,6
2855,hih,3
2856,diajarin,1
2857,sambat,1
2858,henpon,1
2859,akutuu,1
2860,lama,3
2861,gila,3
2862,indihomo,1
2863,gemnaa,1
2864,ane,2
2865,haram,1
2866,manteng,1
2867,lamaaa,1
2868,bngt,4
2869,monmaap,1
2870,aksea,1
2871,wahh,1
2872,there,1
2873,telaga,1
2874,bestari,1
2875,wanakerta,1
2876,flight,1
2877,apain,1
2878,duper,1
2879,load,3
2880,tl,1
2881,jelex,1
2882,trssssss,1
2883,cempaka,1
2884,putih,1
2885,amblek,1
2886,bossss,1
2887,subuh,1
2888,muter,10
2889,macem,2
2890,abg,1
2891,puber,1
2892,latensi,1
2893,idup,2
2894,something,1
2895,posting,1
2896,telekomsel,1
2897,sumpa,1
2898,ak,5
2899,masyaallah,1
2900,ppppppp,1
2901,sumsel,1
2902,new,2
2903,eeuhhh,1
2904,dlam,1
2905,kal,1
2906,ketapang,1
2907,pkai,1
2908,ujaaan,1
2909,ngehype,1
2910,ntar,2
2911,lemod,1
2912,yaallah,1
2913,apapaun,1
2914,nyesel,1
2915,cacat,3
2916,hm,1
2917,ulah,1
2918,telkomselmanado,1
2919,baikin,1
2920,anjim,2
2921,ngaco,3
2922,cisarua,1
2923,citeko,1
2924,waemata,1
2925,capeee,1
2926,chatan,1
2927,huuuuuuffff,1
2928,stres,2
2929,muhasabah,2
2930,semena,1
2931,mena,1
2932,kontol,3
2933,goblok,1
2934,sepeeti,1
2935,janganselingkuh,1
2936,kmu,1
2937,kopo,1
2938,cirangrang,1
2939,cibaduyut,1
2940,populer,1
2941,dih,1
2942,tolol,1
2943,hehh,1
2944,maneh,2
2945,keur,1
2946,goreng,2
2947,cikalong,1
2948,kbb,1
2949,mah,5
2950,laham,1
2951,lapur,1
2952,ngehubungin,1
2953,astaga,2
2954,klu,1
2955,gasuka,1
2956,gapake,1
2957,dimatiin,2
2958,emg,3
2959,sengaja,3
2960,kann,1
2961,de,2
2962,am,1
2963,em,1
2964,ngikutin,1
2965,pemakek,1
2966,palat,1
2967,ama,4
2968,anjing,6
2969,diciledug,1
2970,kanpa,1
2971,assignment,1
2972,derita,2
2973,ngandelin,1
2974,kesel,9
2975,bat,2
2976,kentut,1
2977,wenang,1
2978,koyok,1
2979,suwe,1
2980,tumben,5
2981,smpe,4
2982,planning,1
2983,mw,1
2984,serial,1
2985,mr,1
2986,sunshine,1
2987,buffer,3
2988,plis,6
2989,fokus,1
2990,drpd,2
2991,banyakin,1
2992,promosi,1
2993,slow,2
2994,kerupuk,1
2995,ajiggg,1
2996,cilamaya,1
2997,suek,1
2998,internetku,1
2999,lagging,2
3000,benda,1
3001,camera,2
3002,target,1
3003,kloning,1
3004,resmi,1
3005,kpk,1
3006,nda,3
3007,teruss,1
3008,cianjur,1
3009,pipip,1
3010,calon,1
3011,mantu,1
3012,ganteng,1
3013,dahal,1
3014,direset,1
3015,sampee,1
3016,panas,1
3017,ledak,1
3018,grgr,3
3019,thank,2
3020,travis,1
3021,cott,1
3022,cacad,1
3023,replies,1
3024,freeze,1
3025,nyusahin,3
3026,rusuh,1
3027,pbl,1
3028,woii,4
3029,lola,4
3030,helpdesk,1
3031,bandwidthnya,1
3032,rendah,2
3033,akm,1
3034,aktifitas,2
3035,sentul,1
3036,ari,1
3037,iye,1
3038,kunaon,1
3039,meuni,2
3040,slmat,1
3041,lwat,1
3042,mytelkom,1
3043,maba,2
3044,halmahera,2
3045,opo,1
3046,lek,1
3047,maleh,1
3048,gaiso,1
3049,cokk,1
3050,ono,1
3051,tetring,1
3052,konco,1
3053,seng,2
3054,nggawe,1
3055,abang,1
3056,sijine,1
3057,pinter,1
3058,iku,1
3059,bacotin,1
3060,dh,1
3061,planet,1
3062,pluto,1
3063,woooyyy,1
3064,woyyy,1
3065,gaenak,2
3066,antri,1
3067,nungguin,2
3068,woooyyyyy,1
3069,gerimis,2
3070,halooo,1
3071,snap,1
3072,tolonggg,1
3073,tiktok,2
3074,dalih,1
3075,raga,1
3076,palembang,4
3077,ajaa,1
3078,susahh,1
3079,tu,4
3080,mehong,1
3081,lak,1
3082,ngerusak,1
3083,allahu,1
3084,akbarr,1
3085,esmosik,1
3086,tai,9
3087,woeee,1
3088,muluuuu,1
3089,cmn,1
3090,apk,2
3091,situasi,1
3092,ngirim,3
3093,woeeyyy,1
3094,kepala,1
3095,tanduk,1
3096,tetanggan,1
3097,walikota,1
3098,pucuk,1
3099,laknat,1
3100,pantesan,1
3101,dalcomsoft,1
3102,kesabran,1
3103,topic,1
3104,ngerasain,2
3105,tewas,1
3106,muluuu,1
3107,alir,1
3108,complain,3
3109,alesannya,2
3110,wei,1
3111,dgb,1
3112,visi,1
3113,dijakarta,1
3114,maluin,1
3115,mediakonsumenid,1
3116,ancorrrrrrr,1
3117,kgk,1
3118,nyuri,2
3119,stop,1
3120,tayi,1
3121,tanganin,1
3122,aje,1
3123,wr,1
3124,bgsat,1
3125,makassar,3
3126,simpan,1
3127,siur,1
3128,direjet,1
3129,berat,3
3130,cok,2
3131,kenapose,1
3132,ente,3
3133,idninternetlemot,1
3134,daruratinternet,1
3135,teknisi,2
3136,bamget,1
3137,pakek,2
3138,ngadepin,3
3139,serba,1
3140,setting,3
3141,lewatin,2
3142,tamu,1
3143,hektar,1
3144,belantara,1
3145,kootaa,1
3146,tes,1
3147,sangihe,3
3148,provsulut,1
3149,disangihe,1
3150,sangihejugaindonesia,2
3151,padahl,2
3152,utuh,1
3153,jumpa,1
3154,erickthohir,2
3155,provide,4
3156,gabutuh,1
3157,nyampah,1
3158,zzzz,1
3159,xiii,1
3160,kampar,2
3161,juara,1
3162,bngettttt,1
3163,siiii,1
3164,inti,2
3165,ahsudahlah,1
3166,pabji,1
3167,tenggelam,2
3168,kucing,1
3169,threeindonesia,2
3170,lemotnyaaa,1
3171,kebun,1
3172,nempelin,1
3173,jendela,1
3174,leled,1
3175,nggabejus,1
3176,resolusi,1
3177,aminnn,1
3178,nyeselin,1
3179,kntol,1
3180,aneh,3
3181,duhh,1
3182,restar,1
3183,skrng,2
3184,kaltara,1
3185,bgtt,1
3186,nyungsep,1
3187,woyy,3
3188,maxtrem,1
3189,moncongloe,1
3190,pasuk,1
3191,keberpa,1
3192,kampret,2
3193,angus,1
3194,primetime,1
3195,jembut,1
3196,silit,2
3197,lemottt,1
3198,pagar,2
3199,dewa,2
3200,rsbhaktimulia,1
3201,kawasan,1
3202,ngeulti,1
3203,kasihan,2
3204,hitam,2
3205,gmana,2
3206,naikin,1
3207,tensi,1
3208,yeee,1
3209,keluar,1
3210,nang,5
3211,ngomongin,1
3212,bhs,1
3213,tanggungjawab,1
3214,karawaci,1
3215,akaaaal,1
3216,nganggu,1
3217,driver,1
3218,fullbar,1
3219,ngelapor,1
3220,i,2
3221,r,1
3222,ngulang,1
3223,pen,1
3224,bales,1
3225,scroll,2
3226,timeline,2
3227,masyallah,1
3228,akuin,1
3229,cocok,1
3230,paraah,1
3231,oo,1
3232,peak,1
3233,kbs,1
3234,campur,1
3235,aduk,1
3236,nyalahin,2
3237,jobstreet,1
3238,kalibrr,1
3239,rejected,1
3240,nangiss,1
3241,gapapalah,1
3242,ngedrakor,1
3243,ngehibur,1
3244,indragiri,1
3245,kemuning,1
3246,mampus,2
3247,drama,1
3248,korea,1
3249,direstuin,1
3250,nyuruh,2
3251,gawe,1
3252,ngelag,4
3253,masak,2
3254,gimanq,1
3255,konon,2
3256,bohong,1
3257,hoax,1
3258,ngapusi,1
3259,mahgrib,1
3260,template,1
3261,copotpasang,1
3262,rau,1
3263,lumpuh,3
3264,ijin,1
3265,komodo,1
3266,sumbawa,2
3267,aduuuh,1
3268,fase,1
3269,benci,1
3270,akdjsjsjsjsjs,1
3271,sksksks,1
3272,leg,1
3273,anjingggggg,1
3274,sebenernya,2
3275,aim,2
3276,sumatera,14
3277,ngersain,1
3278,sebel,2
3279,ooyyyy,1
3280,tuhaaannnnn,1
3281,sampis,1
3282,beginiiiiii,1
3283,harapin,1
3284,kb,5
3285,daun,1
3286,oey,1
3287,apasih,1
3288,elaah,1
3289,unduh,1
3290,diplosok,1
3291,tanda,1
3292,amburadul,1
3293,afk,4
3294,silah,1
3295,primitif,1
3296,sinyale,1
3297,bosoookkk,1
3298,apaneeee,1
3299,enggk,1
3300,manteeep,1
3301,niih,1
3302,turunin,1
3303,nii,2
3304,asmat,1
3305,bangke,3
3306,kntl,1
3307,korona,1
3308,jringn,1
3309,bulak,1
3310,mnding,1
3311,srius,1
3312,apes,1
3313,huft,3
3314,ta,1
3315,signalmu,1
3316,unl,1
3317,tolitoli,1
3318,whole,1
3319,heart,1
3320,deli,2
3321,serdang,2
3322,hapal,1
3323,klasik,2
3324,eskalasi,1
3325,belakanngan,1
3326,jrgn,1
3327,gendong,1
3328,gajah,1
3329,lambaaaaat,1
3330,muat,1
3331,yaampun,1
3332,guee,1
3333,elahh,1
3334,pliss,1
3335,lingat,1
3336,laru,1
3337,kenapaa,2
3338,fucek,1
3339,anyingg,1
3340,kurun,1
3341,puspitek,1
3342,tangsel,2
3343,yahh,2
3344,melulu,2
3345,ihhh,1
3346,siih,1
3347,siangg,1
3348,helow,1
3349,teteh,2
3350,aa,1
3351,muk,1
3352,nct,1
3353,moms,2
3354,menangies,1
3355,pppp,2
3356,tiri,1
3357,hikd,2
3358,pek,1
3359,asliii,1
3360,ppp,1
3361,euyyy,1
3362,napa,3
3363,atuh,3
3364,pis,2
3365,teams,1
3366,nyaaa,1
3367,tulung,1
3368,atuhlah,1
3369,taiiii,1
3370,oversuply,1
3371,bapu,1
3372,antum,1
3373,yihaaaa,1
3374,bulan,1
3375,kpn,1
3376,dkt,1
3377,rmh,1
3378,ajah,1
3379,politeknik,1
3380,morowali,1
3381,rsrp,1
3382,sinr,1
3383,dl,1
3384,optimasi,1
3385,site,1
3386,gmna,4
3387,petujuk,1
3388,bantuannyaaa,1
3389,jatisampurna,1
3390,ada,2
3391,tenayan,1
3392,umrah,1
3393,heiiii,1
3394,garis,1
3395,gilak,1
3396,bangettt,2
3397,saking,1
3398,cepetnya,1
3399,cik,1
3400,kotabaru,1
3401,tasikmalaya,1
3402,wae,1
3403,mpot,1
3404,hararese,1
3405,telkomselbutut,1
3406,serangmekar,1
3407,ciparay,1
3408,twitterknapa,1
3409,suadah,1
3410,komplit,1
3411,alibi,1
3412,servis,1
3413,babelan,2
3414,balen,1
3415,ngentod,1
3416,turuttdk,1
3417,hangs,1
3418,perfume,1
3419,mubazir,1
3420,ngangkat,1
3421,ohiya,1
3422,minimal,1
3423,delapan,1
3424,dpr,2
3425,ngeselin,4
3426,gamasook,1
3427,men,1
3428,bbrapa,3
3429,nyokap,2
3430,ealah,1
3431,adek,1
3432,kla,1
3433,kisruh,1
3434,lai,1
3435,sampai,1
3436,sen,1
3437,limo,1
3438,deras,1
3439,syahwat,1
3440,isu,1
3441,hangat,2
3442,lini,1
3443,konten,1
3444,anarkisme,1
3445,rantai,1
3446,hasut,1
3447,platejohnny,1
3448,aduankonten,1
3449,mangkelin,1
3450,johnnn,1
3451,nugas,1
3452,yaampunnn,1
3453,pls,3
3454,pahayu,1
3455,mekarsari,1
3456,momohon,1
3457,laksa,1
3458,astagfirullah,2
3459,amsyong,1
3460,napas,1
3461,lemotttt,1
3462,kapok,1
3463,alangkeh,1
3464,leletnyoooooo,1
3465,nian,1
3466,anjimm,1
3467,console,1
3468,dog,1
3469,gaiisss,1
3470,india,1
3471,ashar,1
3472,ngegame,1
3473,jugak,1
3474,thx,1
3475,matlam,1
3476,hadeuhhh,1
3477,striming,1
3478,bola,2
3479,teriak,1
3480,bala,1
3481,basi,1
3482,sgini,2
3483,kacrut,2
3484,kambing,1
3485,statment,1
3486,ampuun,1
3487,gaissss,1
3488,tolonng,1
3489,heyy,2
3490,dengerin,1
3491,tdi,1
3492,niscaya,1
3493,ngirit,1
3494,sawanganthepark,1
3495,lulu,1
3496,supermarket,1
3497,bangettttt,1
3498,bagusin,1
3499,peras,1
3500,ngajak,4
3501,gelud,1
3502,direfresh,1
3503,lemoot,1
3504,negara,2
3505,subsidi,2
3506,not,1
3507,include,1
3508,heh,2
3509,janc,1
3510,bebasngeluh,1
3511,odading,3
3512,sekaliii,1
3513,terooss,1
3514,aahh,1
3515,elaaaaah,1
3516,bangsatttt,1
3517,nye,3
3518,parahx,1
3519,sobb,1
3520,ampunnnn,1
3521,daahhh,1
3522,jringan,1
3523,myorbit,2
3524,istigfar,1
3525,otomatisin,1
3526,lakuin,1
3527,lemoyy,1
3528,bauukkk,1
3529,ngerugiin,1
3530,govlok,1
3531,dota,1
3532,sihhhh,1
3533,limpah,1
3534,hadoohh,1
3535,asyik,1
3536,mantan,1
3537,cairr,1
3538,bozzzz,1
3539,ngekill,1
3540,dc,2
3541,po,1
3542,bozzzzzz,1
3543,one,2
3544,literally,1
3545,aq,1
3546,ampunn,2
3547,tolongggggg,1
3548,donggg,1
3549,myorbitid,1
3550,roboh,1
3551,hufffff,1
3552,telkolsel,1
3553,blom,1
3554,banyuates,1
3555,sampang,1
3556,jatim,1
3557,among,1
3558,us,1
3559,kemkoinfo,1
3560,kwarganegaraan,1
3561,jgan,1
3562,sii,1
3563,tolongg,1
3564,perbaikin,1
3565,buset,2
3566,weee,1
3567,upto,1
3568,mbps,1
3569,kya,2
3570,dtk,1
3571,ajibbb,1
3572,semvak,1
3573,elite,1
3574,tara,1
3575,tetangga,4
3576,mbambet,1
3577,begimana,1
3578,thetering,1
3579,knpa,2
3580,bingits,1
3581,hadeuh,1
3582,pontianak,1
3583,donlot,1
3584,ueue,1
3585,sihh,1
3586,slang,1
3587,tolng,1
3588,settingan,1
3589,terimakasii,1
3590,aih,1
3591,tooong,1
3592,jkt,1
3593,way,1
3594,kandis,1
3595,ky,1
3596,digoa,1
3597,tambun,1
3598,ajg,3
3599,paska,1
3600,malawi,1
3601,zz,1
3602,dana,1
3603,akutu,1
3604,kue,1
3605,mang,2
3606,awak,2
3607,gataunya,1
3608,huhuuu,1
3609,kocak,1
3610,ambyarrr,1
3611,same,1
3612,lagieror,1
3613,signalnya,1
3614,ngebucin,1
3615,exo,1
3616,benarin,1
3617,gondok,1
3618,lalod,2
3619,edan,1
3620,yukk,2
3621,isp,1
3622,daerahh,1
3623,daerahhnya,1
3624,dimanjain,1
3625,dikembangin,1
3626,soalnyaa,1
3627,weyy,1
3628,kampang,1
3629,darah,1
3630,liverpool,1
3631,gadapet,2
3632,notip,1
3633,ranca,1
3634,panongan,1
3635,parahhhh,1
3636,sampaaaaahhhhh,1
3637,android,1
3638,xiomi,1
3639,redmi,1
3640,a,1
3641,nokia,1
3642,waktu,1
3643,dtengah,1
3644,pickup,1
3645,jawabin,1
3646,koe,1
3647,xis,1
3648,bad,1
3649,parahhh,2
3650,hore,1
3651,boga,1
3652,teu,1
3653,ecreug,1
3654,siah,2
3655,paleleh,1
3656,buol,1
3657,biznetnetworks,1
3658,myrepublicid,1
3659,mncplayid,1
3660,cover,1
3661,dayeuhkolot,1
3662,bberapa,1
3663,woyla,1
3664,kilat,1
3665,piye,1
3666,iki,1
3667,gelisa,1
3668,gundah,1
3669,gulana,1
3670,malinau,2
3671,ijinkan,1
3672,gdnight,1
3673,baik,1
3674,betapa,1
3675,oon,1
3676,brp,2
3677,sklh,1
3678,kuli,1
3679,sejahtera,1
3680,palas,1
3681,kel,1
3682,agrowisata,1
3683,rumbai,1
3684,imi,1
3685,bedua,1
3686,protes,1
3687,simple,1
3688,garislucu,1
3689,infopln,2
3690,plnbengkulu,1
3691,sultan,1
3692,angin,1
3693,sambut,1
3694,hamal,1
3695,troble,1
3696,dech,1
3697,newnormal,1
3698,lemotparah,1
3699,telmikura,1
3700,manokwari,1
3701,sangattt,1
3702,burukkkk,1
3703,hmmm,1
3704,baterai,1
3705,nyamuk,1
3706,malas,1
3707,sihb,1
3708,ngan,1
3709,serah,1
3710,kecewaaa,1
3711,laba,1
3712,jagong,1
3713,jeget,1
3714,telkomselaceh,1
3715,dsni,1
3716,kaco,1
3717,jaringanya,1
3718,tnggl,1
3719,lereskeun,1
3720,datar,1
3721,otw,1
3722,pajak,1
3723,na,1
3724,ix,1
3725,labuhanbatu,2
3726,ikut,1
3727,ngalah,1
3728,dlu,2
3729,ayoo,1
3730,ngamuk,2
3731,ngerestart,1
3732,gub,1
3733,dki,1
3734,rangka,1
3735,alesan,1
3736,et,1
3737,three,2
3738,nurut,1
3739,opertr,1
3740,nlpon,1
3741,sijunjung,1
3742,bgsd,1
3743,bangkrut,1
3744,tukang,1
3745,knapa,5
3746,tba,1
3747,lembah,2
3748,masurai,1
3749,mabar,1
3750,cisauk,2
3751,cibogo,1
3752,takalar,1
3753,almost,1
3754,days,1
3755,need,1
3756,tertanggu,1
3757,materi,1
3758,cangkreng,1
3759,kwanyar,1
3760,bangkal,1
3761,palangkaraya,1
3762,tualang,1
3763,segara,1
3764,surem,1
3765,milih,1
3766,orong,1
3767,telu,1
3768,ntb,2
3769,tercover,3
3770,bangsad,1
3771,tmbah,1
3772,bkn,3
3773,sekale,1
3774,sajaaa,1
3775,belajarpaketelkomsel,2
3776,internetlancarbuatbelajar,2
3777,bunda,1
3778,desak,1
3779,riweeeh,1
3780,dihidupin,1
3781,jarang,1
3782,kemenkeuri,1
3783,gp,1
3784,nyebelin,1
3785,pengunaan,1
3786,ancuran,1
3787,kehed,1
3788,hupir,1
3789,woiiii,2
3790,we,1
3791,manutd,1
3792,kuya,1
3793,batok,1
3794,kmaren,2
3795,gabener,1
3796,checkoutnya,1
3797,shitttt,1
3798,bavuk,1
3799,tulang,1
3800,oaaalaaah,1
3801,nduukk,1
3802,salak,1
3803,sepeett,1
3804,vidcall,1
3805,neeh,1
3806,tolonglaa,1
3807,batre,1
3808,dishelter,1
3809,karo,1
3810,sumut,3
3811,umat,1
3812,komisi,1
3813,mitra,1
3814,lamaaaaa,1
3815,speednya,2
3816,selasa,1
3817,tolongin,1
3818,labu,1
3819,bajo,1
3820,diam,2
3821,baee,1
3822,linknya,1
3823,daftarin,1
3824,rekor,1
3825,muri,1
3826,ebijanta,1
3827,swasta,1
3828,indsat,1
3829,bilng,1
3830,karuan,1
3831,second,1
3832,yutub,1
3833,tanggung,1
3834,jadiin,1
3835,bntar,1
3836,report,1
3837,cma,1
3838,tutorial,1
3839,dahhh,1
3840,gusti,1
3841,amit,1
3842,for,1
3843,kyak,2
3844,ye,3
3845,gsm,2
3846,ditjendikti,1
3847,diamon,1
3848,jadiinn,1
3849,jrg,1
3850,ampon,1
3851,ehmm,1
3852,pulaaa,1
3853,oalah,1
3854,pun,1
3855,ccat,1
3856,ngezoom,1
3857,pgn,1
3858,tampol,1
3859,astagaaaa,1
3860,bkin,1
3861,yaaaaa,1
3862,yamasa,1
3863,seett,1
3864,kga,1
3865,send,1
3866,hhmmm,1
3867,rajelas,1
3868,og,1
3869,ra,1
3870,mendownload,1
3871,konyol,1
3872,alhasil,1
3873,ludes,1
3874,hufff,1
3875,mengecewkan,1
3876,ros,1
3877,juliana,1
3878,dirintisx,1
3879,brada,1
3880,dpulau,1
3881,mmupuskan,1
3882,smangat,1
3883,perempuan,1
3884,untk,1
3885,brdagang,1
3886,kisah,1
3887,sabang,1
3888,dagang,1
3889,ubjx,1
3890,icw,1
3891,jabung,1
3892,gedung,2
3893,ngerank,1
3894,bangetttttt,1
3895,cache,1
3896,sukabumi,1
3897,repeater,2
3898,aduanbrti,1
3899,mutar,1
3900,whyy,1
3901,loee,1
3902,sekaleeeee,1
3903,ketulungan,1
3904,lalot,1
3905,woiii,1
3906,klenn,1
3907,bagosii,1
3908,klen,2
3909,niii,1
3910,pening,1
3911,awk,1
3912,sma,1
3913,kemarenan,1
3914,wcdma,1
3915,wak,1
3916,trima,1
3917,telkomselpekanbaru,1
3918,andre,1
3919,rosiade,1
3920,dirut,1
3921,sembah,1
3922,elahhh,1
3923,sedihhh,1
3924,prioritaas,1
3925,samlekom,1
3926,tiktod,1
3927,disconnect,1
3928,noc,1
3929,uuuuuuuu,1
3930,masssss,1
3931,bd,1
3932,fate,1
3933,zero,1
3934,jol,1
3935,kontrol,1
3936,ngenet,1
3937,praktis,1
3938,situ,1
3939,nanyak,1
3940,oii,1
3941,siksa,1
3942,bgni,1
3943,mengalamai,1
3944,mundur,1
3945,low,1
3946,nasibb,2
3947,bangssst,1
3948,fiks,1
3949,rekomen,2
3950,diemin,1
3951,mala,1
3952,ngrunjak,1
3953,moon,1
3954,maap,1
3955,ngeruk,1
3956,nyangka,1
3957,old,1
3958,trick,1
3959,ngebagiin,1
3960,pantau,1
3961,lengang,1
3962,he,2
3963,watsapp,1
3964,ngetweetpakeaxis,1
3965,after,1
3966,indihoms,1
3967,bro,1
3968,jagan,1
3969,sombong,1
3970,kualiatas,1
3971,abal,2
3972,ngadi,1
3973,failed,1
3974,sia,1
3975,jingan,1
3976,mahalin,1
3977,bintaro,1
3978,betulin,1
3979,loe,1
3980,ssngat,1
3981,pusing,1
3982,aswkjqkquwjbh,1
3983,kdg,2
3984,nongol,2
3985,makas,1
3986,dispensasi,1
3987,mormalnua,1
3988,switch,1
3989,curang,1
3990,euy,1
3991,lurus,1
3992,insiden,1
3993,fasilitas,1
3994,sentra,1
3995,otomat,1
3996,naha,1
3997,janten,1
3998,awon,1
3999,anggo,1
4000,pesbukan,1
4001,ge,1
4002,ihh,1
4003,pangleresken,1
4004,kemren,1
4005,situs,1
4006,baja,1
4007,digunain,1
4008,ngapaiiiiiinnnnnn,1
4009,aj,1
4010,bandaro,1
4011,nenek,1
4012,tapung,1
4013,hulu,1
4014,jelekx,1
4015,jaringn,1
4016,kompetitorx,1
4017,telkomael,1
4018,hah,1
4019,beliau,1
4020,ngedrop,1
4021,gaakan,1
4022,cpt,1
4023,recovery,1
4024,internat,1
4025,ngingetin,1
4026,per,1
4027,toxic,1
4028,postif,1
4029,negtf,1
4030,muraah,1
4031,cobain,1
4032,ajaaaa,1
4033,mobel,1
4034,lejen,1
4035,pingnya,1
4036,ijo,1
4037,jaringannn,1
4038,bayangin,2
4039,dikhianatin,1
4040,cepetan,2
4041,gih,1
4042,se,5
4043,anjg,1
4044,kulon,1
4045,lari,1
4046,loveyouaxis,1
4047,gwstelkomsel,1
4048,cadang,1
4049,gercep,1
4050,thebest,1
4051,telkomselterbaik,1
4052,finally,1
4053,lembur,1
4054,kenapaaaaa,1
4055,lemes,1
4056,tb,1
4057,osjur,1
4058,tapiiii,1
4059,duka,1
4060,cita,1
4061,plazatelkom,1
4062,gemuruh,1
4063,rencana,1
4064,pukimak,1
4065,sumbagteng,1
4066,monopoli,1
4067,maha,1
4068,kuta,1
4069,parado,1
4070,bima,1
4071,slm,1
4072,mhn,2
4073,penguna,1
4074,naekin,1
4075,haber,1
4076,anjirr,1
4077,dilaporin,1
4078,heboh,2
4079,date,1
4080,masalahny,1
4081,bicara,3
4082,udara,1
4083,gengs,1
4084,libat,1
4085,mantep,1
4086,teroooosss,1
4087,peaaa,1
4088,topik,1
4089,nyendat,1
4090,perbaiakan,1
4091,innalilahi,1
4092,reg,1
4093,labuh,2
4094,hyper,1
4095,carry,1
4096,diriau,1
4097,laris,1
4098,rival,1
4099,mll,1
4100,gatau,1
4101,luh,2
4102,makan,1
4103,sgr,1
4104,tndkan,1
4105,tenggelem,1
4106,indiehome,1
4107,semuaaa,1
4108,lemooottt,1
4109,baku,1
4110,hantam,1
4111,manusia,1
4112,garagara,1
4113,naek,1
4114,sasak,1
4115,bah,1
4116,ltindak,1
4117,dirumahkuu,1
4118,manajemen,1
4119,pakam,1
4120,caretelkomsel,1
4121,hospot,1
4122,wey,1
4123,ungu,1
4124,ngutang,1
4125,ooohh,1
4126,plishhh,1
4127,hanyapanggilan,1
4128,apaaa,1
4129,like,1
4130,fighting,1
4131,sampek,1
4132,seulawah,1
4133,telkomseljagadatakami,1
4134,neh,1
4135,speedy,1
4136,smpai,1
4137,komfirmasi,1
4138,telsel,1
4139,perasaanya,1
4140,ngehubungi,1
4141,kolega,1
4142,partner,1
4143,that,1
4144,why,1
4145,plasa,1
4146,lekas,1
4147,adekku,1
4148,dharmasraya,1
4149,kbr,1
4150,inet,1
4151,sekitarny,1
4152,tselmedan,1
4153,ndeso,1
4154,apakabar,1
4155,tolonglaaah,1
4156,batam,2
4157,geger,1
4158,searching,1
4159,brayyyy,1
4160,gimane,1
4161,pemeliharan,1
4162,ghoib,1
4163,dead,1
4164,blankspot,1
4165,failure,1
4166,ngikut,1
4167,gsmnya,1
4168,kelen,1
4169,pangkal,1
4170,kerinci,1
4171,serching,1
4172,already,1
4173,sucks,1
4174,ngilangin,1
4175,kreativitas,1
4176,sastra,1
4177,tae,1
4178,tuntut,1
4179,boikot,1
4180,masal,1
4181,hmm,1
4182,hotstar,3
4183,rajabasa,1
4184,ratu,1
4185,sugnal,1
4186,namorambe,1
4187,tnya,1
4188,pkrt,1
4189,blasan,1
4190,wakatobi,1
4191,isolasi,1
4192,rs,1
4193,banyak,1
4194,umur,2
4195,ladang,1
4196,telkomselnya,1
4197,protokol,1
4198,kesehatanya,1
4199,kejap,1
4200,maketin,1
4201,apknya,1
4202,registasi,1
4203,spt,1
4204,vo,1
4205,skr,1
4206,rasuk,1
4207,kad,1
4208,sukoharjo,1
4209,pringsewu,1
4210,sendat,1
4211,swadaya,1
4212,gopartner,1
4213,adakami,1
4214,shopeepay,2
4215,bgm,1
4216,belum,1
4217,nganu,1
4218,chef,1
4219,renatta,1
